{"cameraMode":{"drawMode":0,"name":"Shaded","section":"Shading Mode"},"sceneLighting":false,"audioPlay":false,"sceneViewState":{"showFog":true,"showMaterialUpdate":false,"showSkybox":false,"showFlares":true,"showImageEffects":true,"showParticleSystems":true},"in2DMode":false,"pivot":{"x":3.8423171043395998,"y":1.6889123916625977,"z":-0.8217153549194336},"rotation":{"x":0.24372851848602296,"y":-0.20443987846374513,"z":0.05264093726873398,"w":0.946618914604187},"size":14.615151405334473,"orthographic":false}