{"cameraMode":{"drawMode":0,"name":"Shaded","section":"Shading Mode"},"sceneLighting":true,"audioPlay":false,"sceneViewState":{"showFog":true,"showMaterialUpdate":false,"showSkybox":true,"showFlares":true,"showImageEffects":true,"showParticleSystems":true},"in2DMode":false,"pivot":{"x":-4.009829998016357,"y":6.70278263092041,"z":-11.117070198059082},"rotation":{"x":-0.21710200607776643,"y":-0.4498686194419861,"z":0.11360137164592743,"w":-0.8590440154075623},"size":4.041658401489258,"orthographic":false}