{"cameraMode":{"drawMode":0,"name":"Shaded","section":"Shading Mode"},"sceneLighting":false,"audioPlay":false,"sceneViewState":{"showFog":true,"showMaterialUpdate":false,"showSkybox":false,"showFlares":true,"showImageEffects":true,"showParticleSystems":true},"in2DMode":false,"pivot":{"x":-1.0510940551757813,"y":0.9886422157287598,"z":-5.897704601287842},"rotation":{"x":0.08673130720853806,"y":0.7889401316642761,"z":-0.11434225738048554,"w":0.5976150631904602},"size":22.0,"orthographic":false}