{"cameraMode":{"drawMode":0,"name":"Shaded","section":"Shading Mode"},"sceneLighting":true,"audioPlay":false,"sceneViewState":{"showFog":true,"showMaterialUpdate":false,"showSkybox":true,"showFlares":true,"showImageEffects":true,"showParticleSystems":true},"in2DMode":false,"pivot":{"x":-0.17868947982788087,"y":1.3707695007324219,"z":-8.063512802124024},"rotation":{"x":0.1377531737089157,"y":-0.7862501740455627,"z":0.18940888345241548,"w":0.5718172788619995},"size":6.599452972412109,"orthographic":false}