{"cameraMode":{"drawMode":0,"name":"Shaded","section":"Shading Mode"},"sceneLighting":false,"audioPlay":false,"sceneViewState":{"showFog":true,"showMaterialUpdate":false,"showSkybox":false,"showFlares":true,"showImageEffects":true,"showParticleSystems":true},"in2DMode":false,"pivot":{"x":6.904325008392334,"y":1.1299998760223389,"z":-8.398972511291504},"rotation":{"x":0.04912930727005005,"y":0.9097775816917419,"z":-0.1124376729130745,"w":0.39680755138397219},"size":11.431546211242676,"orthographic":false}