{"cameraMode":{"drawMode":0,"name":"Shaded","section":"Shading Mode"},"sceneLighting":true,"audioPlay":false,"sceneViewState":{"showFog":true,"showMaterialUpdate":false,"showSkybox":true,"showFlares":true,"showImageEffects":true,"showParticleSystems":true},"in2DMode":false,"pivot":{"x":21.624210357666017,"y":16.899185180664064,"z":-21.502376556396486},"rotation":{"x":0.20093867182731629,"y":-0.1925410032272339,"z":0.040303606539964679,"w":0.959676206111908},"size":6.599452972412109,"orthographic":false}