{"cameraMode":{"drawMode":0,"name":"Shaded","section":"Shading Mode"},"sceneLighting":false,"audioPlay":false,"sceneViewState":{"showFog":true,"showMaterialUpdate":false,"showSkybox":false,"showFlares":true,"showImageEffects":true,"showParticleSystems":true},"in2DMode":false,"pivot":{"x":-0.012999892234802246,"y":-0.2582688331604004,"z":0.1487342119216919},"rotation":{"x":-0.08918488025665283,"y":0.5887567400932312,"z":-0.06573863327503205,"w":-0.8009341955184937},"size":3.928922653198242,"orthographic":false}