{"cameraMode":{"drawMode":0,"name":"Shaded","section":"Shading Mode"},"sceneLighting":false,"audioPlay":false,"sceneViewState":{"showFog":true,"showMaterialUpdate":false,"showSkybox":false,"showFlares":true,"showImageEffects":true,"showParticleSystems":true},"in2DMode":false,"pivot":{"x":-0.4651806950569153,"y":3.421210289001465,"z":-4.128233432769775},"rotation":{"x":-0.04149725288152695,"y":-0.9085051417350769,"z":0.0929882824420929,"w":-0.40539026260375979},"size":1.4564121961593629,"orthographic":false}